Algorithm,Weight
Sub-LOF,0.5
kMeans,0.30000000000000004
PS-SVM,0.19999999999999996
